sku_code,total_qty,sum_by_location
NQ-ACC-BAG-001-FREE-BEG,356,362
NQ-ACC-BAG-001-FREE-BLK,339,342
NQ-ACC-BAG-001-FREE-WHT,324,334
NQ-ACC-BLT-002-FREE-BLK,117,118
NQ-ACC-BLT-002-FREE-BRN,82,84
NQ-ACC-BLT-002-FREE-WHT,89,91
NQ-ACC-CAP-004-FREE-BRN,23,29
NQ-ACC-CAP-004-FREE-WHT,80,82
NQ-ACC-PCH-005-FREE-BLK,103,104
NQ-ACC-PCH-005-FREE-BRN,100,103
NQ-ACC-PCH-005-FREE-WHT,95,101
NQ-ACC-SCF-003-FREE-BLK,114,116
NQ-ACC-SCF-003-FREE-BRN,51,55
NQ-CLR-COOL-002-M-ASH,2197,2213
NQ-CLR-COOL-002-M-CRM,1894,1909
NQ-CLR-COOL-002-M-IVR,997,1013
NQ-CLR-COOL-002-S-ASH,2357,2378
NQ-CLR-COOL-002-S-IVR,2272,2290
NQ-CLR-COOL-005-L-IVR,286,289
NQ-CLR-COOL-005-M-ASH,370,378
NQ-CLR-COOL-005-M-IVR,290,296
NQ-CLR-COOL-005-S-ASH,747,752
NQ-CLR-COOL-005-S-CRM,717,722
NQ-CLR-MUT-003-M-ASH,2294,2314
NQ-CLR-MUT-003-M-CRM,2399,2418
NQ-CLR-MUT-003-M-IVR,2287,2304
NQ-CLR-MUT-003-S-ASH,2299,2312
NQ-CLR-MUT-003-S-CRM,2271,2290
NQ-CLR-MUT-003-S-IVR,2231,2252
NQ-CLR-MUT-006-L-IVR,314,321
NQ-CLR-MUT-006-M-ASH,554,562
NQ-CLR-MUT-006-S-ASH,444,452
NQ-CLR-MUT-006-S-IVR,816,822
NQ-CLR-WRM-001-L-ASH,982,994
NQ-CLR-WRM-001-M-ASH,2228,2249
NQ-CLR-WRM-001-M-CRM,2294,2315
NQ-CLR-WRM-001-M-IVR,2214,2225
NQ-CLR-WRM-001-S-ASH,2279,2296
NQ-CLR-WRM-001-S-CRM,2357,2377
NQ-CLR-WRM-001-S-IVR,2260,2279
NQ-CLR-WRM-004-M-ASH,579,587
NQ-CLR-WRM-004-M-CRM,761,769
NQ-CLR-WRM-004-M-IVR,361,368
NQ-CLR-WRM-004-S-ASH,272,277
NQ-CLR-WRM-004-S-CRM,304,310
NQ-CLR-WRM-004-S-IVR,672,678
NQ-OUT-001-L-BEG,3803,3823
NQ-OUT-001-L-BLK,3794,3826
NQ-OUT-001-L-GRY,4064,4089
NQ-OUT-001-L-NVY,3500,3526
NQ-OUT-001-S-BLK,2249,2260
NQ-OUT-001-S-NVY,2240,2241
NQ-OUT-002-L-BEG,653,656
NQ-OUT-002-L-BLK,1277,1285
NQ-OUT-002-L-GRY,679,687
NQ-OUT-002-L-NVY,575,577
NQ-OUT-002-M-GRY,732,734
NQ-OUT-002-S-BLK,711,714
NQ-OUT-003-L-BEG,303,309
NQ-OUT-003-L-BLK,257,265
NQ-OUT-003-L-GRY,287,296
NQ-OUT-003-L-NVY,419,426
NQ-OUT-003-M-BEG,222,223
NQ-OUT-003-M-BLK,34,38
NQ-OUT-003-M-GRY,185,189
NQ-OUT-003-S-BLK,216,220
NQ-OUT-003-S-GRY,225,228
NQ-OUT-003-S-NVY,226,227
NQ-PNT-001-2XL-BEG,2728,2754
NQ-PNT-001-2XL-BLK,1341,1367
NQ-PNT-001-2XL-GRY,2616,2648
NQ-PNT-001-2XL-KHK,2671,2700
NQ-PNT-001-2XL-NVY,2659,2683
NQ-PNT-001-3XL-BEG,2680,2711
NQ-PNT-001-3XL-BLK,2733,2754
NQ-PNT-001-3XL-GRY,2715,2738
NQ-PNT-001-3XL-KHK,2640,2671
NQ-PNT-001-3XL-NVY,2677,2703
NQ-PNT-001-4XL-BEG,2374,2399
NQ-PNT-001-4XL-BLK,2431,2457
NQ-PNT-001-4XL-GRY,2427,2446
NQ-PNT-001-4XL-KHK,2429,2454
NQ-PNT-001-4XL-NVY,1658,1681
NQ-PNT-001-L-BLK,1963,1977
NQ-PNT-001-L-GRY,2055,2063
NQ-PNT-001-L-KHK,2033,2049
NQ-PNT-001-L-NVY,2025,2029
NQ-PNT-001-M-BEG,2035,2048
NQ-PNT-001-M-BLK,2159,2161
NQ-PNT-001-M-GRY,2140,2153
NQ-PNT-001-M-KHK,1996,2008
NQ-PNT-001-M-NVY,2074,2078
NQ-PNT-001-S-BEG,1762,1788
NQ-PNT-001-S-BLK,1729,1758
NQ-PNT-001-S-GRY,1704,1726
NQ-PNT-001-S-KHK,1878,1905
NQ-PNT-001-S-NVY,2358,2386
NQ-PNT-001-XL-BEG,2775,2805
NQ-PNT-001-XL-BLK,1918,1944
NQ-PNT-001-XL-GRY,2122,2146
NQ-PNT-001-XL-KHK,1778,1807
NQ-PNT-001-XL-NVY,1873,1899
NQ-PNT-001-XS-BEG,1654,1677
NQ-PNT-001-XS-BLK,1663,1695
NQ-PNT-001-XS-GRY,1654,1678
NQ-PNT-001-XS-KHK,1596,1626
NQ-PNT-001-XS-NVY,1736,1763
NQ-PNT-002-2XL-BEG,743,751
NQ-PNT-002-2XL-BLK,451,460
NQ-PNT-002-2XL-GRY,855,864
NQ-PNT-002-3XL-BEG,878,885
NQ-PNT-002-3XL-BLK,775,784
NQ-PNT-002-3XL-GRY,797,806
NQ-PNT-002-4XL-BEG,693,702
NQ-PNT-002-4XL-BLK,786,795
NQ-PNT-002-4XL-GRY,537,546
NQ-PNT-002-L-BEG,650,654
NQ-PNT-002-L-BLK,606,612
NQ-PNT-002-L-GRY,656,658
NQ-PNT-002-M-BEG,702,703
NQ-PNT-002-M-BLK,642,648
NQ-PNT-002-M-GRY,616,621
NQ-PNT-002-S-BEG,945,956
NQ-PNT-002-S-BLK,861,871
NQ-PNT-002-S-GRY,642,650
NQ-PNT-002-XL-BEG,617,626
NQ-PNT-002-XL-BLK,751,760
NQ-PNT-002-XL-GRY,548,557
NQ-PNT-002-XS-BEG,501,512
NQ-PNT-002-XS-BLK,549,558
NQ-PNT-002-XS-GRY,549,557
NQ-PNT-003-2XL-BEG,858,865
NQ-PNT-003-2XL-BLK,744,755
NQ-PNT-003-2XL-GRY,442,453
NQ-PNT-003-3XL-BEG,868,875
NQ-PNT-003-3XL-BLK,912,922
NQ-PNT-003-3XL-GRY,823,832
NQ-PNT-003-4XL-BEG,795,804
NQ-PNT-003-4XL-BLK,569,578
NQ-PNT-003-4XL-GRY,675,683
NQ-PNT-003-L-BEG,510,514
NQ-PNT-003-L-BLK,633,636
NQ-PNT-003-L-GRY,632,636
NQ-PNT-003-M-BEG,635,640
NQ-PNT-003-M-BLK,620,627
NQ-PNT-003-M-GRY,639,647
NQ-PNT-003-S-BEG,760,770
NQ-PNT-003-S-BLK,510,522
NQ-PNT-003-S-GRY,655,661
NQ-PNT-003-XL-BEG,878,887
NQ-PNT-003-XL-BLK,919,928
NQ-PNT-003-XL-GRY,524,528
NQ-PNT-003-XS-BEG,502,510
NQ-PNT-003-XS-BLK,442,450
NQ-PNT-003-XS-GRY,518,530
NQ-PNT-004-2XL-BEG,145,153
NQ-PNT-004-2XL-BLK,291,298
NQ-PNT-004-2XL-GRY,310,318
NQ-PNT-004-3XL-BEG,210,219
NQ-PNT-004-3XL-BLK,239,247
NQ-PNT-004-3XL-GRY,247,255
NQ-PNT-004-4XL-BEG,216,223
NQ-PNT-004-4XL-BLK,235,242
NQ-PNT-004-4XL-GRY,205,214
NQ-PNT-004-L-BEG,273,281
NQ-PNT-004-L-BLK,171,176
NQ-PNT-004-L-GRY,261,269
NQ-PNT-004-M-BEG,165,171
NQ-PNT-004-M-BLK,168,172
NQ-PNT-004-M-GRY,232,239
NQ-PNT-004-S-BEG,231,239
NQ-PNT-004-S-BLK,268,277
NQ-PNT-004-S-GRY,244,253
NQ-PNT-004-XL-BEG,258,267
NQ-PNT-004-XL-BLK,186,194
NQ-PNT-004-XL-GRY,239,249
NQ-PNT-004-XS-BEG,99,106
NQ-PNT-004-XS-BLK,120,127
NQ-PNT-004-XS-GRY,173,181
NQ-TOP-001-2XL-BLK,1988,2007
NQ-TOP-001-2XL-GRY,2029,2071
NQ-TOP-001-2XL-LYL,1971,1995
NQ-TOP-001-2XL-NVY,2116,2145
NQ-TOP-001-2XL-ORC,2101,2126
NQ-TOP-001-2XL-SKB,2002,2037
NQ-TOP-001-2XL-WHT,2002,2031
NQ-TOP-001-3XL-BLK,1398,1423
NQ-TOP-001-3XL-GRY,1559,1582
NQ-TOP-001-3XL-LYL,1516,1544
NQ-TOP-001-3XL-NVY,1542,1581
NQ-TOP-001-3XL-ORC,1614,1638
NQ-TOP-001-3XL-SKB,1456,1476
NQ-TOP-001-3XL-WHT,1620,1650
NQ-TOP-001-4XL-BLK,2810,2839
NQ-TOP-001-4XL-GRY,2913,2936
NQ-TOP-001-4XL-LYL,2833,2869
NQ-TOP-001-4XL-NVY,2848,2877
NQ-TOP-001-4XL-ORC,2884,2912
NQ-TOP-001-4XL-SKB,2959,2995
NQ-TOP-001-4XL-WHT,2922,2952
NQ-TOP-001-L-BLK,2982,3019
NQ-TOP-001-L-NVY,3406,3427
NQ-TOP-001-L-WHT,1689,1691
NQ-TOP-001-M-GRY,1723,1728
NQ-TOP-001-M-LYL,2964,2991
NQ-TOP-001-M-NVY,2803,2836
NQ-TOP-001-M-WHT,3201,3218
NQ-TOP-001-S-BLK,2471,2488
NQ-TOP-001-S-GRY,2515,2540
NQ-TOP-001-S-LYL,2383,2408
NQ-TOP-001-S-NVY,2504,2525
NQ-TOP-001-S-ORC,2299,2328
NQ-TOP-001-S-SKB,2843,2858
NQ-TOP-001-S-WHT,2403,2423
NQ-TOP-001-XL-BLK,1936,1963
NQ-TOP-001-XL-GRY,1966,2001
NQ-TOP-001-XL-LYL,1976,2003
NQ-TOP-001-XL-NVY,1577,1593
NQ-TOP-001-XL-ORC,1813,1843
NQ-TOP-001-XL-SKB,1553,1579
NQ-TOP-001-XL-WHT,1564,1594
NQ-TOP-001-XS-BLK,2510,2539
NQ-TOP-001-XS-GRY,2496,2528
NQ-TOP-001-XS-LYL,2432,2459
NQ-TOP-001-XS-NVY,2139,2175
NQ-TOP-001-XS-ORC,2531,2566
NQ-TOP-001-XS-SKB,2540,2577
NQ-TOP-001-XS-WHT,2424,2451
NQ-TOP-002-2XL-BLK,609,617
NQ-TOP-002-2XL-GRY,607,615
NQ-TOP-002-2XL-NVY,601,613
NQ-TOP-002-2XL-WHT,573,582
NQ-TOP-002-3XL-BLK,566,577
NQ-TOP-002-3XL-GRY,443,449
NQ-TOP-002-3XL-NVY,494,505
NQ-TOP-002-3XL-WHT,532,539
NQ-TOP-002-4XL-BLK,704,710
NQ-TOP-002-4XL-GRY,983,992
NQ-TOP-002-4XL-NVY,960,966
NQ-TOP-002-4XL-WHT,997,1003
NQ-TOP-002-L-BLK,902,910
NQ-TOP-002-L-WHT,609,611
NQ-TOP-002-M-GRY,544,546
NQ-TOP-002-M-NVY,1010,1018
NQ-TOP-002-M-WHT,975,982
NQ-TOP-002-S-BLK,819,824
NQ-TOP-002-S-GRY,357,363
NQ-TOP-002-S-NVY,709,719
NQ-TOP-002-S-WHT,834,843
NQ-TOP-002-XL-BLK,507,516
NQ-TOP-002-XL-GRY,584,592
NQ-TOP-002-XL-NVY,584,591
NQ-TOP-002-XL-WHT,493,501
NQ-TOP-002-XS-BLK,816,826
NQ-TOP-002-XS-GRY,846,853
NQ-TOP-002-XS-NVY,823,833
NQ-TOP-002-XS-WHT,752,759
NQ-TOP-003-2XL-BLK,632,640
NQ-TOP-003-2XL-GRY,710,721
NQ-TOP-003-2XL-NVY,636,645
NQ-TOP-003-2XL-WHT,669,676
NQ-TOP-003-3XL-BLK,496,508
NQ-TOP-003-3XL-GRY,499,507
NQ-TOP-003-3XL-NVY,534,543
NQ-TOP-003-3XL-WHT,489,500
NQ-TOP-003-4XL-BLK,1006,1016
NQ-TOP-003-4XL-GRY,909,918
NQ-TOP-003-4XL-NVY,932,941
NQ-TOP-003-4XL-WHT,652,660
NQ-TOP-003-L-GRY,480,481
NQ-TOP-003-L-WHT,1146,1156
NQ-TOP-003-M-NVY,535,536
NQ-TOP-003-M-WHT,574,575
NQ-TOP-003-S-BLK,804,812
NQ-TOP-003-S-GRY,965,971
NQ-TOP-003-S-NVY,374,377
NQ-TOP-003-S-WHT,878,886
NQ-TOP-003-XL-BLK,593,601
NQ-TOP-003-XL-GRY,582,592
NQ-TOP-003-XL-NVY,606,612
NQ-TOP-003-XL-WHT,800,811
NQ-TOP-003-XS-BLK,785,790
NQ-TOP-003-XS-GRY,779,791
NQ-TOP-003-XS-NVY,654,666
NQ-TOP-003-XS-WHT,709,718
NQ-TOP-004-2XL-BLK,187,193
NQ-TOP-004-2XL-GRY,159,165
NQ-TOP-004-2XL-NVY,118,127
NQ-TOP-004-2XL-WHT,100,105
NQ-TOP-004-3XL-BLK,167,175
NQ-TOP-004-3XL-GRY,127,135
NQ-TOP-004-3XL-NVY,136,145
NQ-TOP-004-3XL-WHT,139,149
NQ-TOP-004-4XL-BLK,193,203
NQ-TOP-004-4XL-GRY,285,293
NQ-TOP-004-4XL-NVY,286,295
NQ-TOP-004-4XL-WHT,222,232
NQ-TOP-004-L-BLK,240,246
NQ-TOP-004-L-GRY,280,288
NQ-TOP-004-L-NVY,133,137
NQ-TOP-004-L-WHT,253,262
NQ-TOP-004-M-BLK,127,129
NQ-TOP-004-M-GRY,142,147
NQ-TOP-004-M-NVY,320,328
NQ-TOP-004-M-WHT,265,274
NQ-TOP-004-S-BLK,22,30
NQ-TOP-004-S-GRY,139,147
NQ-TOP-004-S-NVY,50,58
NQ-TOP-004-S-WHT,224,232
NQ-TOP-004-XL-BLK,193,199
NQ-TOP-004-XL-GRY,113,121
NQ-TOP-004-XL-NVY,234,240
NQ-TOP-004-XL-WHT,59,66
NQ-TOP-004-XS-BLK,187,196
NQ-TOP-004-XS-GRY,182,191
NQ-TOP-004-XS-NVY,230,240
NQ-TOP-004-XS-WHT,243,251
NQ-TOP-005-2XL-BLK,184,194
NQ-TOP-005-2XL-GRY,146,155
NQ-TOP-005-2XL-NVY,111,119
NQ-TOP-005-2XL-WHT,137,144
NQ-TOP-005-3XL-BLK,128,136
NQ-TOP-005-3XL-GRY,130,137
NQ-TOP-005-3XL-NVY,108,118
NQ-TOP-005-3XL-WHT,108,115
NQ-TOP-005-4XL-BLK,196,205
NQ-TOP-005-4XL-GRY,302,310
NQ-TOP-005-4XL-NVY,183,189
NQ-TOP-005-4XL-WHT,309,316
NQ-TOP-005-L-BLK,205,209
NQ-TOP-005-L-GRY,140,148
NQ-TOP-005-L-NVY,140,150
NQ-TOP-005-L-WHT,166,172
NQ-TOP-005-M-BLK,278,287
NQ-TOP-005-M-GRY,236,244
NQ-TOP-005-M-NVY,120,122
NQ-TOP-005-M-WHT,177,178
NQ-TOP-005-S-BLK,144,152
NQ-TOP-005-S-GRY,116,125
NQ-TOP-005-S-NVY,44,52
NQ-TOP-005-S-WHT,91,97
NQ-TOP-005-XL-BLK,193,202
NQ-TOP-005-XL-GRY,172,179
NQ-TOP-005-XL-NVY,181,189
NQ-TOP-005-XL-WHT,138,147
NQ-TOP-005-XS-BLK,219,228
NQ-TOP-005-XS-GRY,229,235
NQ-TOP-005-XS-NVY,173,181
NQ-TOP-005-XS-WHT,181,188
